{
  "project_info": {
    "project_number": "411647469737",
    "project_id": "androidfirebasemlqrcode-74967",
    "storage_bucket": "androidfirebasemlqrcode-74967.appspot.com"
  },
  "client": [
    {
      "client_info": {
        "mobilesdk_app_id": "1:411647469737:android:30f6686f21b95b5be121b8",
        "android_client_info": {
          "package_name": "com.example.androidfirebasemlqrcode"
        }
      },
      "oauth_client": [
        {
          "client_id": "411647469737-mjhskifat6gcac0rg72610fbo2g685ns.apps.googleusercontent.com",
          "client_type": 3
        }
      ],
      "api_key": [
        {
          "current_key": "AIzaSyAmOGefAZM1qOcDoo9IUxyYYzyVcwoQtIM"
        }
      ],
      "services": {
        "appinvite_service": {
          "other_platform_oauth_client": [
            {
              "client_id": "411647469737-mjhskifat6gcac0rg72610fbo2g685ns.apps.googleusercontent.com",
              "client_type": 3
            }
          ]
        }
      }
    }
  ],
  "configuration_version": "1"
}